Electrode,Time,Ampl,X,Y
AF3,-190,-0.272047102,-16,31
AF3,-170,-0.039482102,-16,31
AF3,-150,-0.193577102,-16,31
AF3,-130,0.077618898,-16,31
AF3,-110,0.171834898,-16,31
AF3,-90,0.137252898,-16,31
AF3,-70,0.104418898,-16,31
AF3,-50,-0.007682102,-16,31
AF3,-30,-0.051007102,-16,31
AF3,-10,0.069061898,-16,31
AF3,10,0.036272898,-16,31
AF3,30,0.009837898,-16,31
AF3,50,0.037804398,-16,31
AF3,70,0.078504898,-16,31
AF3,90,-0.017407102,-16,31
AF3,110,-0.112422102,-16,31
AF3,130,-0.000977102,-16,31
AF3,150,0.071017898,-16,31
AF3,170,-0.036022102,-16,31
AF3,190,-0.106897102,-16,31
AF3,210,-0.049537102,-16,31
AF3,230,0.023070398,-16,31
AF3,250,0.034864898,-16,31
AF3,270,-0.004552102,-16,31
AF3,290,-0.286277102,-16,31
AF3,310,-0.120387102,-16,31
AF3,330,-0.145272102,-16,31
AF3,350,-0.087667102,-16,31
AF3,370,0.085746898,-16,31
AF3,390,0.091778898,-16,31
AF3,410,-0.049942102,-16,31
AF3,430,-0.337997102,-16,31
AF3,450,-0.312272102,-16,31
AF3,470,-0.316977102,-16,31
AF3,490,-0.380742102,-16,31
AF3,510,-0.210397102,-16,31
AF3,530,0.091760248,-16,31
AF3,550,0.147599898,-16,31
AF3,570,0.164220398,-16,31
AF3,590,0.094672898,-16,31
AF3,610,0.010322898,-16,31
AF3,630,-0.138227102,-16,31
AF3,650,-0.180502102,-16,31
AF3,670,-0.105927102,-16,31
AF3,690,0.028787898,-16,31
AF3,710,0.006862398,-16,31
AF3,730,0.024407898,-16,31
AF4,-190,-0.245238377,16,31
AF4,-170,-0.071713377,16,31
AF4,-150,-0.133638377,16,31
AF4,-130,0.123651623,16,31
AF4,-110,0.175962623,16,31
AF4,-90,0.110314123,16,31
AF4,-70,0.026566623,16,31
AF4,-50,-0.013533377,16,31
AF4,-30,-0.026828377,16,31
AF4,-10,0.070516623,16,31
AF4,10,0.032926623,16,31
AF4,30,0.016186623,16,31
AF4,50,-0.090078377,16,31
AF4,70,0.061501623,16,31
AF4,90,-0.063498377,16,31
AF4,110,-0.164703377,16,31
AF4,130,-0.156668377,16,31
AF4,150,-0.149038377,16,31
AF4,170,-0.079588377,16,31
AF4,190,-0.082798377,16,31
AF4,210,-0.058273377,16,31
AF4,230,0.024776623,16,31
AF4,250,0.122921623,16,31
AF4,270,-0.049908377,16,31
AF4,290,-0.346643377,16,31
AF4,310,-0.163843377,16,31
AF4,330,-0.158738377,16,31
AF4,350,-0.103918377,16,31
AF4,370,0.025551623,16,31
AF4,390,0.027441623,16,31
AF4,410,-0.187938377,16,31
AF4,430,-0.463243377,16,31
AF4,450,-0.377288377,16,31
AF4,470,-0.441573377,16,31
AF4,490,-0.488628377,16,31
AF4,510,-0.350633377,16,31
AF4,530,0.021816623,16,31
AF4,550,0.100316623,16,31
AF4,570,0.110441623,16,31
AF4,590,0.034766623,16,31
AF4,610,0.006761623,16,31
AF4,630,-0.131713377,16,31
AF4,650,-0.218258377,16,31
AF4,670,-0.093893377,16,31
AF4,690,0.002681623,16,31
AF4,710,-0.033438377,16,31
AF4,730,-0.015138377,16,31
C3,-190,-0.247528632,-21,0
C3,-170,-0.122888632,-21,0
C3,-150,-0.141578632,-21,0
C3,-130,0.057221368,-21,0
C3,-110,0.182793868,-21,0
C3,-90,0.192588868,-21,0
C3,-70,0.087045868,-21,0
C3,-50,0.051653868,-21,0
C3,-30,-0.085848632,-21,0
C3,-10,-0.016113632,-21,0
C3,10,-0.055498632,-21,0
C3,30,-0.034138632,-21,0
C3,50,0.011066368,-21,0
C3,70,-0.019298632,-21,0
C3,90,0.101485518,-21,0
C3,110,0.220062368,-21,0
C3,130,0.176637368,-21,0
C3,150,0.241861368,-21,0
C3,170,0.179901868,-21,0
C3,190,0.284426368,-21,0
C3,210,0.247801368,-21,0
C3,230,0.256306368,-21,0
C3,250,0.336091368,-21,0
C3,270,0.372051368,-21,0
C3,290,0.268221368,-21,0
C3,310,0.322456368,-21,0
C3,330,0.371326368,-21,0
C3,350,0.462986368,-21,0
C3,370,0.393011368,-21,0
C3,390,0.331716368,-21,0
C3,410,0.207918368,-21,0
C3,430,0.046152868,-21,0
C3,450,0.118572868,-21,0
C3,470,0.009483368,-21,0
C3,490,0.055723368,-21,0
C3,510,0.212168868,-21,0
C3,530,0.557831368,-21,0
C3,550,0.431081368,-21,0
C3,570,0.264801368,-21,0
C3,590,0.144340368,-21,0
C3,610,0.157926368,-21,0
C3,630,0.118020368,-21,0
C3,650,0.042826868,-21,0
C3,670,0.239876368,-21,0
C3,690,0.415061368,-21,0
C3,710,0.402641368,-21,0
C3,730,0.359431368,-21,0
C4,-190,-0.1555567,21,0
C4,-170,-0.0382867,21,0
C4,-150,-0.3197017,21,0
C4,-130,-0.0522767,21,0
C4,-110,0.1086833,21,0
C4,-90,0.1644883,21,0
C4,-70,0.0231683,21,0
C4,-50,-0.0054567,21,0
C4,-30,0.0374583,21,0
C4,-10,0.2035283,21,0
C4,10,0.2193783,21,0
C4,30,-0.0737417,21,0
C4,50,-0.0508317,21,0
C4,70,0.1301633,21,0
C4,90,0.1165833,21,0
C4,110,-0.0464417,21,0
C4,130,-0.1357617,21,0
C4,150,-0.0902867,21,0
C4,170,0.0775283,21,0
C4,190,-0.0253067,21,0
C4,210,-0.1331867,21,0
C4,230,-0.0620117,21,0
C4,250,0.3464823,21,0
C4,270,0.1354233,21,0
C4,290,0.1945333,21,0
C4,310,0.3871513,21,0
C4,330,0.5332673,21,0
C4,350,0.6095983,21,0
C4,370,0.3774353,21,0
C4,390,0.2193383,21,0
C4,410,-0.0012167,21,0
C4,430,-0.2857567,21,0
C4,450,-0.2757417,21,0
C4,470,-0.2005117,21,0
C4,490,-0.1539267,21,0
C4,510,-0.0161167,21,0
C4,530,0.1942183,21,0
C4,550,0.2576533,21,0
C4,570,0.2743583,21,0
C4,590,0.1052433,21,0
C4,610,0.1162183,21,0
C4,630,0.3023883,21,0
C4,650,0.2598683,21,0
C4,670,0.3739633,21,0
C4,690,0.4435023,21,0
C4,710,0.2771233,21,0
C4,730,0.3517333,21,0
CP1,-190,-0.195531349,-10,-11
CP1,-170,-0.130616349,-10,-11
CP1,-150,-0.202731349,-10,-11
CP1,-130,0.009753651,-10,-11
CP1,-110,0.190720151,-10,-11
CP1,-90,0.136042751,-10,-11
CP1,-70,0.067327651,-10,-11
CP1,-50,-0.027346349,-10,-11
CP1,-30,-0.011581349,-10,-11
CP1,-10,0.134051651,-10,-11
CP1,10,0.181840201,-10,-11
CP1,30,-0.029611349,-10,-11
CP1,50,-0.041706349,-10,-11
CP1,70,-0.016636349,-10,-11
CP1,90,0.109334651,-10,-11
CP1,110,0.159766351,-10,-11
CP1,130,0.004748651,-10,-11
CP1,150,0.038513651,-10,-11
CP1,170,0.092443651,-10,-11
CP1,190,0.294563651,-10,-11
CP1,210,0.197626651,-10,-11
CP1,230,0.131910651,-10,-11
CP1,250,0.400368651,-10,-11
CP1,270,0.434943651,-10,-11
CP1,290,0.365808651,-10,-11
CP1,310,0.464268651,-10,-11
CP1,330,0.523768651,-10,-11
CP1,350,0.516368651,-10,-11
CP1,370,0.391968651,-10,-11
CP1,390,0.245207151,-10,-11
CP1,410,0.077099151,-10,-11
CP1,430,-0.000331349,-10,-11
CP1,450,0.069907651,-10,-11
CP1,470,0.014768651,-10,-11
CP1,490,0.077908151,-10,-11
CP1,510,0.223978151,-10,-11
CP1,530,0.532238651,-10,-11
CP1,550,0.454153651,-10,-11
CP1,570,0.264208651,-10,-11
CP1,590,0.227155651,-10,-11
CP1,610,0.319783651,-10,-11
CP1,630,0.347593651,-10,-11
CP1,650,0.243290651,-10,-11
CP1,670,0.365368651,-10,-11
CP1,690,0.581393651,-10,-11
CP1,710,0.522233651,-10,-11
CP1,730,0.451908651,-10,-11
CP2,-190,-0.1820533,10,-11
CP2,-170,-0.0838333,10,-11
CP2,-150,-0.2942683,10,-11
CP2,-130,-0.0625683,10,-11
CP2,-110,0.1688917,10,-11
CP2,-90,0.1863017,10,-11
CP2,-70,0.0499317,10,-11
CP2,-50,-0.0033483,10,-11
CP2,-30,-0.0127583,10,-11
CP2,-10,0.1735217,10,-11
CP2,10,0.2612217,10,-11
CP2,30,-0.1199033,10,-11
CP2,50,-0.0903533,10,-11
CP2,70,0.1051067,10,-11
CP2,90,0.1905367,10,-11
CP2,110,0.0830267,10,-11
CP2,130,-0.1089383,10,-11
CP2,150,-0.0028433,10,-11
CP2,170,0.2095617,10,-11
CP2,190,0.1550867,10,-11
CP2,210,0.0311767,10,-11
CP2,230,0.0404367,10,-11
CP2,250,0.4699542,10,-11
CP2,270,0.4010067,10,-11
CP2,290,0.4506722,10,-11
CP2,310,0.5965662,10,-11
CP2,330,0.7243767,10,-11
CP2,350,0.7328717,10,-11
CP2,370,0.4854029,10,-11
CP2,390,0.3219117,10,-11
CP2,410,0.1293417,10,-11
CP2,430,-0.0400583,10,-11
CP2,450,0.0032017,10,-11
CP2,470,-0.0361833,10,-11
CP2,490,0.0939217,10,-11
CP2,510,0.2318917,10,-11
CP2,530,0.4706432,10,-11
CP2,550,0.4604722,10,-11
CP2,570,0.3643167,10,-11
CP2,590,0.3160717,10,-11
CP2,610,0.3642867,10,-11
CP2,630,0.5124135,10,-11
CP2,650,0.4035967,10,-11
CP2,670,0.51186115,10,-11
CP2,690,0.6719667,10,-11
CP2,710,0.5372094,10,-11
CP2,730,0.5840657,10,-11
CP5,-190,-0.097488121,-30,-12
CP5,-170,-0.145927121,-30,-12
CP5,-150,-0.074809621,-30,-12
CP5,-130,0.083507879,-30,-12
CP5,-110,0.159557879,-30,-12
CP5,-90,0.193687879,-30,-12
CP5,-70,0.143002879,-30,-12
CP5,-50,0.067642879,-30,-12
CP5,-30,-0.127289621,-30,-12
CP5,-10,-0.061179121,-30,-12
CP5,10,-0.049233121,-30,-12
CP5,30,-0.013445621,-30,-12
CP5,50,0.027197879,-30,-12
CP5,70,-0.148512121,-30,-12
CP5,90,-0.085286121,-30,-12
CP5,110,0.156842879,-30,-12
CP5,130,0.012656379,-30,-12
CP5,150,0.214242879,-30,-12
CP5,170,0.129212879,-30,-12
CP5,190,0.232002879,-30,-12
CP5,210,0.306287879,-30,-12
CP5,230,0.114797879,-30,-12
CP5,250,0.193552879,-30,-12
CP5,270,0.218377879,-30,-12
CP5,290,0.185397879,-30,-12
CP5,310,0.244322879,-30,-12
CP5,330,0.302237879,-30,-12
CP5,350,0.292117879,-30,-12
CP5,370,0.263507879,-30,-12
CP5,390,0.244277879,-30,-12
CP5,410,0.021993879,-30,-12
CP5,430,0.110427879,-30,-12
CP5,450,0.269062879,-30,-12
CP5,470,0.207462879,-30,-12
CP5,490,0.254467879,-30,-12
CP5,510,0.364087879,-30,-12
CP5,530,0.456422879,-30,-12
CP5,550,0.282887879,-30,-12
CP5,570,0.097493879,-30,-12
CP5,590,0.097202879,-30,-12
CP5,610,0.267292879,-30,-12
CP5,630,0.273507879,-30,-12
CP5,650,0.276607879,-30,-12
CP5,670,0.353242879,-30,-12
CP5,690,0.499252879,-30,-12
CP5,710,0.415792879,-30,-12
CP5,730,0.478577879,-30,-12
CP6,-190,-0.08017002,30,-12
CP6,-170,-0.03877502,30,-12
CP6,-150,-0.30306502,30,-12
CP6,-130,-0.09306502,30,-12
CP6,-110,0.06425498,30,-12
CP6,-90,0.18556998,30,-12
CP6,-70,0.04814998,30,-12
CP6,-50,0.06821998,30,-12
CP6,-30,0.07078998,30,-12
CP6,-10,0.04671498,30,-12
CP6,10,0.13865498,30,-12
CP6,30,-0.11499002,30,-12
CP6,50,-0.07558002,30,-12
CP6,70,0.04767998,30,-12
CP6,90,0.00485998,30,-12
CP6,110,-0.13664502,30,-12
CP6,130,-0.21626502,30,-12
CP6,150,-0.13643002,30,-12
CP6,170,0.11371998,30,-12
CP6,190,0.01343998,30,-12
CP6,210,-0.17719502,30,-12
CP6,230,-0.13218002,30,-12
CP6,250,0.28025998,30,-12
CP6,270,0.21185498,30,-12
CP6,290,0.30516998,30,-12
CP6,310,0.50210198,30,-12
CP6,330,0.60754998,30,-12
CP6,350,0.69174998,30,-12
CP6,370,0.44670498,30,-12
CP6,390,0.33839798,30,-12
CP6,410,0.08167998,30,-12
CP6,430,-0.06680502,30,-12
CP6,450,-0.04510502,30,-12
CP6,470,0.07103998,30,-12
CP6,490,0.06935998,30,-12
CP6,510,0.17059498,30,-12
CP6,530,0.29244498,30,-12
CP6,550,0.32881498,30,-12
CP6,570,0.32858998,30,-12
CP6,590,0.34526598,30,-12
CP6,610,0.33544598,30,-12
CP6,630,0.49270048,30,-12
CP6,650,0.40284848,30,-12
CP6,670,0.41224966,30,-12
CP6,690,0.48919798,30,-12
CP6,710,0.31514848,30,-12
CP6,730,0.37124038,30,-12
Cz,-190,-0.251833634,0,0
Cz,-170,-0.058698634,0,0
Cz,-150,-0.170373634,0,0
Cz,-130,0.042981366,0,0
Cz,-110,0.215573866,0,0
Cz,-90,0.080796366,0,0
Cz,-70,0.038506366,0,0
Cz,-50,-0.012348634,0,0
Cz,-30,-0.069328634,0,0
Cz,-10,0.121006366,0,0
Cz,10,0.203585866,0,0
Cz,30,-0.110983634,0,0
Cz,50,-0.061238634,0,0
Cz,70,0.119741366,0,0
Cz,90,0.201207066,0,0
Cz,110,0.163207866,0,0
Cz,130,-0.003518634,0,0
Cz,150,0.079106366,0,0
Cz,170,0.090026366,0,0
Cz,190,0.150123866,0,0
Cz,210,0.077136366,0,0
Cz,230,0.112571366,0,0
Cz,250,0.419726366,0,0
Cz,270,0.358990366,0,0
Cz,290,0.315202866,0,0
Cz,310,0.431301366,0,0
Cz,330,0.519846366,0,0
Cz,350,0.518561366,0,0
Cz,370,0.401986366,0,0
Cz,390,0.212516816,0,0
Cz,410,0.070791366,0,0
Cz,430,-0.142243634,0,0
Cz,450,-0.133133634,0,0
Cz,470,-0.150518634,0,0
Cz,490,-0.104868634,0,0
Cz,510,0.137331366,0,0
Cz,530,0.509076366,0,0
Cz,550,0.508416366,0,0
Cz,570,0.356320866,0,0
Cz,590,0.248206866,0,0
Cz,610,0.203118366,0,0
Cz,630,0.279114866,0,0
Cz,650,0.193877866,0,0
Cz,670,0.347439866,0,0
Cz,690,0.523521366,0,0
Cz,710,0.482501366,0,0
Cz,730,0.512996366,0,0
F3,-190,-0.269056137,-18,22
F3,-170,-0.024470637,-18,22
F3,-150,-0.102602637,-18,22
F3,-130,0.099518863,-18,22
F3,-110,0.198633863,-18,22
F3,-90,0.145583863,-18,22
F3,-70,0.037047863,-18,22
F3,-50,-0.082368637,-18,22
F3,-30,-0.104725637,-18,22
F3,-10,0.031780863,-18,22
F3,10,0.029125863,-18,22
F3,30,-0.046656137,-18,22
F3,50,0.039151863,-18,22
F3,70,0.015952363,-18,22
F3,90,-0.061278787,-18,22
F3,110,-0.191011137,-18,22
F3,130,-0.013942137,-18,22
F3,150,0.086673863,-18,22
F3,170,-0.041436337,-18,22
F3,190,-0.216661137,-18,22
F3,210,-0.215301137,-18,22
F3,230,-0.101720637,-18,22
F3,250,-0.043290787,-18,22
F3,270,-0.120398137,-18,22
F3,290,-0.352506137,-18,22
F3,310,-0.209061137,-18,22
F3,330,-0.150541137,-18,22
F3,350,-0.085731137,-18,22
F3,370,0.031367863,-18,22
F3,390,-0.002759137,-18,22
F3,410,-0.047461137,-18,22
F3,430,-0.330561137,-18,22
F3,450,-0.244741137,-18,22
F3,470,-0.280001137,-18,22
F3,490,-0.279821137,-18,22
F3,510,-0.114660637,-18,22
F3,530,0.201633863,-18,22
F3,550,0.230863863,-18,22
F3,570,0.161283863,-18,22
F3,590,0.047488363,-18,22
F3,610,-0.029960887,-18,22
F3,630,-0.137541137,-18,22
F3,650,-0.202666137,-18,22
F3,670,-0.068307137,-18,22
F3,690,0.048480363,-18,22
F3,710,0.057832863,-18,22
F3,730,-0.012882137,-18,22
F4,-190,-0.20858939,19,22
F4,-170,0.00585561,19,22
F4,-150,-0.20268439,19,22
F4,-130,0.14128561,19,22
F4,-110,0.18678561,19,22
F4,-90,0.05378561,19,22
F4,-70,-0.03368439,19,22
F4,-50,-0.04937939,19,22
F4,-30,-0.04486439,19,22
F4,-10,0.21463561,19,22
F4,10,0.09203561,19,22
F4,30,-0.09016939,19,22
F4,50,-0.13786939,19,22
F4,70,0.00769061,19,22
F4,90,-0.12257939,19,22
F4,110,-0.21633939,19,22
F4,130,-0.16864439,19,22
F4,150,-0.15673939,19,22
F4,170,-0.05373439,19,22
F4,190,-0.04828939,19,22
F4,210,-0.06491939,19,22
F4,230,-0.01684939,19,22
F4,250,0.15704561,19,22
F4,270,0.03118561,19,22
F4,290,-0.22055439,19,22
F4,310,-0.01590939,19,22
F4,330,0.05474561,19,22
F4,350,0.13766561,19,22
F4,370,0.13094561,19,22
F4,390,0.10727061,19,22
F4,410,-0.10543939,19,22
F4,430,-0.41486439,19,22
F4,450,-0.47472939,19,22
F4,470,-0.52290939,19,22
F4,490,-0.49249439,19,22
F4,510,-0.33477439,19,22
F4,530,-0.10570439,19,22
F4,550,0.16138061,19,22
F4,570,0.19534561,19,22
F4,590,-0.02057439,19,22
F4,610,-0.06059939,19,22
F4,630,-0.14030439,19,22
F4,650,-0.23057939,19,22
F4,670,-0.08247439,19,22
F4,690,0.04486561,19,22
F4,710,-0.06102439,19,22
F4,730,0.04438561,19,22
F7,-190,-0.1832742,-34,25
F7,-170,0.0009758,-34,25
F7,-150,-0.1291242,-34,25
F7,-130,0.1379758,-34,25
F7,-110,0.0906258,-34,25
F7,-90,0.1116258,-34,25
F7,-70,0.0538758,-34,25
F7,-50,-0.0333242,-34,25
F7,-30,-0.0780742,-34,25
F7,-10,0.0489258,-34,25
F7,10,-0.0334242,-34,25
F7,30,-0.0510242,-34,25
F7,50,0.1082758,-34,25
F7,70,-0.0063742,-34,25
F7,90,0.0534758,-34,25
F7,110,-0.0228742,-34,25
F7,130,0.0497258,-34,25
F7,150,0.2611758,-34,25
F7,170,0.1155758,-34,25
F7,190,-0.2109742,-34,25
F7,210,-0.2559992,-34,25
F7,230,-0.1250242,-34,25
F7,250,-0.0694742,-34,25
F7,270,-0.1498242,-34,25
F7,290,-0.3881642,-34,25
F7,310,-0.3561142,-34,25
F7,330,-0.3233642,-34,25
F7,350,-0.3052842,-34,25
F7,370,-0.1944242,-34,25
F7,390,-0.2035742,-34,25
F7,410,-0.3100992,-34,25
F7,430,-0.3501692,-34,25
F7,450,-0.3021442,-34,25
F7,470,-0.3272292,-34,25
F7,490,-0.3270392,-34,25
F7,510,-0.2006242,-34,25
F7,530,-0.0849242,-34,25
F7,550,-0.1379742,-34,25
F7,570,-0.2403042,-34,25
F7,590,-0.2718342,-34,25
F7,610,-0.3354192,-34,25
F7,630,-0.4274542,-34,25
F7,650,-0.5610142,-34,25
F7,670,-0.6525392,-34,25
F7,690,-0.5055192,-34,25
F7,710,-0.4830942,-34,25
F7,730,-0.4146692,-34,25
F8,-190,-0.1838293,34,25
F8,-170,-0.0246293,34,25
F8,-150,-0.2336893,34,25
F8,-130,-0.0964293,34,25
F8,-110,0.0595207,34,25
F8,-90,0.1358207,34,25
F8,-70,0.1351907,34,25
F8,-50,0.0078957,34,25
F8,-30,-0.0211693,34,25
F8,-10,0.2033407,34,25
F8,10,0.0439957,34,25
F8,30,0.0172807,34,25
F8,50,-0.0488143,34,25
F8,70,0.1260807,34,25
F8,90,0.0516957,34,25
F8,110,0.0003657,34,25
F8,130,0.0116557,34,25
F8,150,0.0556207,34,25
F8,170,0.0736207,34,25
F8,190,0.1721207,34,25
F8,210,0.1016657,34,25
F8,230,0.2030057,34,25
F8,250,0.3083057,34,25
F8,270,0.1732407,34,25
F8,290,0.0715657,34,25
F8,310,0.1853157,34,25
F8,330,0.1819757,34,25
F8,350,0.3283807,34,25
F8,370,0.3137007,34,25
F8,390,0.2044807,34,25
F8,410,0.0883207,34,25
F8,430,-0.4057443,34,25
F8,450,-0.1952493,34,25
F8,470,-0.1538343,34,25
F8,490,-0.2478093,34,25
F8,510,-0.0279293,34,25
F8,530,0.1218407,34,25
F8,550,0.2688157,34,25
F8,570,0.2411807,34,25
F8,590,0.3170257,34,25
F8,610,0.0960057,34,25
F8,630,0.1415807,34,25
F8,650,-0.0378493,34,25
F8,670,0.0591307,34,25
F8,690,0.0662657,34,25
F8,710,-0.0091493,34,25
F8,730,0.0406707,34,25
FC1,-190,-0.311652017,-10,11
FC1,-170,-0.022142017,-10,11
FC1,-150,-0.100937017,-10,11
FC1,-130,0.109433983,-10,11
FC1,-110,0.230696983,-10,11
FC1,-90,0.094296983,-10,11
FC1,-70,0.026822983,-10,11
FC1,-50,-0.003192017,-10,11
FC1,-30,-0.118712017,-10,11
FC1,-10,0.052457983,-10,11
FC1,10,0.070542983,-10,11
FC1,30,-0.134622017,-10,11
FC1,50,-0.014562017,-10,11
FC1,70,0.062212983,-10,11
FC1,90,0.108377483,-10,11
FC1,110,0.075467983,-10,11
FC1,130,0.051797983,-10,11
FC1,150,0.157931483,-10,11
FC1,170,0.082101483,-10,11
FC1,190,0.078487983,-10,11
FC1,210,0.077107983,-10,11
FC1,230,0.119239983,-10,11
FC1,250,0.259073483,-10,11
FC1,270,0.199067733,-10,11
FC1,290,0.030297983,-10,11
FC1,310,0.166729033,-10,11
FC1,330,0.260433983,-10,11
FC1,350,0.267793983,-10,11
FC1,370,0.319517983,-10,11
FC1,390,0.307667983,-10,11
FC1,410,0.190575983,-10,11
FC1,430,-0.059372017,-10,11
FC1,450,-0.050317017,-10,11
FC1,470,-0.083502017,-10,11
FC1,490,-0.126012017,-10,11
FC1,510,0.085937983,-10,11
FC1,530,0.521557983,-10,11
FC1,550,0.585737983,-10,11
FC1,570,0.475217983,-10,11
FC1,590,0.309882983,-10,11
FC1,610,0.289082983,-10,11
FC1,630,0.180951533,-10,11
FC1,650,0.092560983,-10,11
FC1,670,0.221470983,-10,11
FC1,690,0.357512983,-10,11
FC1,710,0.359122983,-10,11
FC1,730,0.431642983,-10,11
FC2,-190,-0.320757767,10,11
FC2,-170,-0.084187767,10,11
FC2,-150,-0.235967767,10,11
FC2,-130,0.053907233,10,11
FC2,-110,0.205932233,10,11
FC2,-90,0.097107233,10,11
FC2,-70,0.033247233,10,11
FC2,-50,0.029292233,10,11
FC2,-30,0.021657233,10,11
FC2,-10,0.205487233,10,11
FC2,10,0.143242233,10,11
FC2,30,-0.103932767,10,11
FC2,50,-0.077487767,10,11
FC2,70,0.093387233,10,11
FC2,90,0.047182233,10,11
FC2,110,-0.019597767,10,11
FC2,130,-0.075572767,10,11
FC2,150,0.015312233,10,11
FC2,170,0.059977233,10,11
FC2,190,0.062727233,10,11
FC2,210,0.056107233,10,11
FC2,230,0.077022233,10,11
FC2,250,0.309605233,10,11
FC2,270,0.230326733,10,11
FC2,290,0.086747233,10,11
FC2,310,0.223197233,10,11
FC2,330,0.286958733,10,11
FC2,350,0.343674733,10,11
FC2,370,0.247386733,10,11
FC2,390,0.205282233,10,11
FC2,410,0.024287233,10,11
FC2,430,-0.252587767,10,11
FC2,450,-0.319532767,10,11
FC2,470,-0.325622767,10,11
FC2,490,-0.268972767,10,11
FC2,510,-0.059447767,10,11
FC2,530,0.261028733,10,11
FC2,550,0.428599233,10,11
FC2,570,0.424131733,10,11
FC2,590,0.219105733,10,11
FC2,610,0.183677233,10,11
FC2,630,0.089152233,10,11
FC2,650,0.018172233,10,11
FC2,670,0.202537233,10,11
FC2,690,0.335878933,10,11
FC2,710,0.286743233,10,11
FC2,730,0.373303233,10,11
FC5,-190,-0.1637296,-30,12
FC5,-170,-0.0314496,-30,12
FC5,-150,-0.1271546,-30,12
FC5,-130,0.0335354,-30,12
FC5,-110,0.0302004,-30,12
FC5,-90,0.1481654,-30,12
FC5,-70,0.1287754,-30,12
FC5,-50,0.0762654,-30,12
FC5,-30,-0.1138146,-30,12
FC5,-10,-0.0859296,-30,12
FC5,10,-0.0080246,-30,12
FC5,30,-0.0019046,-30,12
FC5,50,0.0657704,-30,12
FC5,70,0.1101354,-30,12
FC5,90,-0.0117096,-30,12
FC5,110,0.0077954,-30,12
FC5,130,0.0663854,-30,12
FC5,150,0.1860154,-30,12
FC5,170,0.0888354,-30,12
FC5,190,0.0013204,-30,12
FC5,210,-0.1057196,-30,12
FC5,230,-0.0125946,-30,12
FC5,250,0.1066104,-30,12
FC5,270,0.0617754,-30,12
FC5,290,-0.0839746,-30,12
FC5,310,-0.0400546,-30,12
FC5,330,0.0195704,-30,12
FC5,350,0.0567104,-30,12
FC5,370,0.1728504,-30,12
FC5,390,0.0732954,-30,12
FC5,410,0.0368304,-30,12
FC5,430,-0.0410796,-30,12
FC5,450,-0.0153446,-30,12
FC5,470,-0.0807746,-30,12
FC5,490,-0.0360546,-30,12
FC5,510,0.0979504,-30,12
FC5,530,0.3409104,-30,12
FC5,550,0.2580354,-30,12
FC5,570,0.0774704,-30,12
FC5,590,0.1183404,-30,12
FC5,610,-0.1021696,-30,12
FC5,630,-0.0289046,-30,12
FC5,650,-0.1578546,-30,12
FC5,670,-0.1176496,-30,12
FC5,690,0.0247804,-30,12
FC5,710,0.0372404,-30,12
FC5,730,0.0559904,-30,12
FC6,-190,-0.251956969,30,12
FC6,-170,0.023733031,30,12
FC6,-150,-0.334551969,30,12
FC6,-130,0.034253031,30,12
FC6,-110,-0.003696969,30,12
FC6,-90,0.253558031,30,12
FC6,-70,0.095918031,30,12
FC6,-50,0.065828031,30,12
FC6,-30,-0.063286969,30,12
FC6,-10,0.158688031,30,12
FC6,10,0.120653031,30,12
FC6,30,0.001933031,30,12
FC6,50,-0.121571969,30,12
FC6,70,0.157983031,30,12
FC6,90,0.068513031,30,12
FC6,110,-0.075816969,30,12
FC6,130,-0.059401969,30,12
FC6,150,-0.046291969,30,12
FC6,170,0.149063031,30,12
FC6,190,0.093768031,30,12
FC6,210,-0.060981969,30,12
FC6,230,-0.018676969,30,12
FC6,250,0.302732531,30,12
FC6,270,0.342322031,30,12
FC6,290,0.138768031,30,12
FC6,310,0.282379531,30,12
FC6,330,0.374739181,30,12
FC6,350,0.587313031,30,12
FC6,370,0.346063531,30,12
FC6,390,0.296272531,30,12
FC6,410,0.132123031,30,12
FC6,430,-0.413066969,30,12
FC6,450,-0.272161969,30,12
FC6,470,-0.197641969,30,12
FC6,490,-0.134631969,30,12
FC6,510,-0.052281969,30,12
FC6,530,0.112523031,30,12
FC6,550,0.244804031,30,12
FC6,570,0.397591531,30,12
FC6,590,0.125173031,30,12
FC6,610,0.131423031,30,12
FC6,630,0.255433031,30,12
FC6,650,0.131198031,30,12
FC6,670,0.157418031,30,12
FC6,690,0.231848031,30,12
FC6,710,0.163938031,30,12
FC6,730,0.216064531,30,12
Fp1,-190,-0.16597639,-13,40
Fp1,-170,0.01652861,-13,40
Fp1,-150,-0.15725139,-13,40
Fp1,-130,0.09641361,-13,40
Fp1,-110,0.12460361,-13,40
Fp1,-90,0.09965361,-13,40
Fp1,-70,0.03809361,-13,40
Fp1,-50,-0.04275139,-13,40
Fp1,-30,-0.07109139,-13,40
Fp1,-10,0.07544861,-13,40
Fp1,10,-0.01322639,-13,40
Fp1,30,-0.05596639,-13,40
Fp1,50,-0.04276639,-13,40
Fp1,70,-0.00675639,-13,40
Fp1,90,-0.05452139,-13,40
Fp1,110,-0.08921639,-13,40
Fp1,130,-0.02319639,-13,40
Fp1,150,0.01767361,-13,40
Fp1,170,-0.07927139,-13,40
Fp1,190,-0.18777639,-13,40
Fp1,210,-0.17576139,-13,40
Fp1,230,-0.09102139,-13,40
Fp1,250,-0.17472139,-13,40
Fp1,270,-0.14180639,-13,40
Fp1,290,-0.46631139,-13,40
Fp1,310,-0.27937789,-13,40
Fp1,330,-0.34145789,-13,40
Fp1,350,-0.31219239,-13,40
Fp1,370,-0.21857139,-13,40
Fp1,390,-0.17771139,-13,40
Fp1,410,-0.22954489,-13,40
Fp1,430,-0.53763139,-13,40
Fp1,450,-0.46979139,-13,40
Fp1,470,-0.53120139,-13,40
Fp1,490,-0.56348139,-13,40
Fp1,510,-0.47800139,-13,40
Fp1,530,-0.29391519,-13,40
Fp1,550,-0.24933739,-13,40
Fp1,570,-0.28285789,-13,40
Fp1,590,-0.36014039,-13,40
Fp1,610,-0.41902489,-13,40
Fp1,630,-0.57993139,-13,40
Fp1,650,-0.62638139,-13,40
Fp1,670,-0.60045639,-13,40
Fp1,690,-0.48028639,-13,40
Fp1,710,-0.47667639,-13,40
Fp1,730,-0.47303639,-13,40
Fp2,-190,-0.1252492,13,40
Fp2,-170,0.0317708,13,40
Fp2,-150,-0.1550142,13,40
Fp2,-130,0.1161708,13,40
Fp2,-110,0.1629908,13,40
Fp2,-90,0.0574358,13,40
Fp2,-70,0.0579858,13,40
Fp2,-50,-0.0841042,13,40
Fp2,-30,-0.0226942,13,40
Fp2,-10,0.0851608,13,40
Fp2,10,-0.0121742,13,40
Fp2,30,-0.1029992,13,40
Fp2,50,-0.1814142,13,40
Fp2,70,8.08E-05,13,40
Fp2,90,-0.1596742,13,40
Fp2,110,-0.1322592,13,40
Fp2,130,-0.2100292,13,40
Fp2,150,-0.2237942,13,40
Fp2,170,-0.1984742,13,40
Fp2,190,-0.1175642,13,40
Fp2,210,-0.0755142,13,40
Fp2,230,-0.0248892,13,40
Fp2,250,-0.0729842,13,40
Fp2,270,-0.0934042,13,40
Fp2,290,-0.4598442,13,40
Fp2,310,-0.2585992,13,40
Fp2,330,-0.1408492,13,40
Fp2,350,-0.1171442,13,40
Fp2,370,-0.0985942,13,40
Fp2,390,-0.0409392,13,40
Fp2,410,-0.1768842,13,40
Fp2,430,-0.5032942,13,40
Fp2,450,-0.3673542,13,40
Fp2,470,-0.4076042,13,40
Fp2,490,-0.5677942,13,40
Fp2,510,-0.4042242,13,40
Fp2,530,-0.0821192,13,40
Fp2,550,-0.0935192,13,40
Fp2,570,-0.0233292,13,40
Fp2,590,0.0356058,13,40
Fp2,610,-0.0893242,13,40
Fp2,630,-0.2258092,13,40
Fp2,650,-0.2486692,13,40
Fp2,670,-0.2038792,13,40
Fp2,690,-0.1985792,13,40
Fp2,710,-0.1195042,13,40
Fp2,730,-0.1129842,13,40
Fz,-190,-0.322012139,0,21
Fz,-170,-0.103086139,0,21
Fz,-150,-0.192537139,0,21
Fz,-130,0.052742861,0,21
Fz,-110,0.208982861,0,21
Fz,-90,0.125545361,0,21
Fz,-70,0.071247361,0,21
Fz,-50,-0.000752044,0,21
Fz,-30,-0.025942639,0,21
Fz,-10,0.174957861,0,21
Fz,10,0.073980861,0,21
Fz,30,-0.100066139,0,21
Fz,50,-0.077272639,0,21
Fz,70,0.020024361,0,21
Fz,90,-0.068789639,0,21
Fz,110,-0.143802139,0,21
Fz,130,-0.061315639,0,21
Fz,150,-0.009618279,0,21
Fz,170,-0.056202639,0,21
Fz,190,-0.058591139,0,21
Fz,210,-0.021435139,0,21
Fz,230,0.008485361,0,21
Fz,250,0.111102861,0,21
Fz,270,0.035212361,0,21
Fz,290,-0.264432139,0,21
Fz,310,-0.049464139,0,21
Fz,330,-0.004062189,0,21
Fz,350,0.022867861,0,21
Fz,370,0.162897861,0,21
Fz,390,0.135247861,0,21
Fz,410,-0.037249789,0,21
Fz,430,-0.336457139,0,21
Fz,450,-0.335907139,0,21
Fz,470,-0.382987139,0,21
Fz,490,-0.421162139,0,21
Fz,510,-0.194632139,0,21
Fz,530,0.137462861,0,21
Fz,550,0.321407861,0,21
Fz,570,0.320687861,0,21
Fz,590,0.130512861,0,21
Fz,610,0.064433361,0,21
Fz,630,-0.121492139,0,21
Fz,650,-0.199002139,0,21
Fz,670,-0.037944139,0,21
Fz,690,0.161162861,0,21
Fz,710,0.122827861,0,21
Fz,730,0.191092861,0,21
O1,-190,-0.071783818,-13,-40
O1,-170,-0.215868818,-13,-40
O1,-150,-0.137973818,-13,-40
O1,-130,-0.024602318,-13,-40
O1,-110,0.088359182,-13,-40
O1,-90,0.065129432,-13,-40
O1,-70,0.114583682,-13,-40
O1,-50,0.117478182,-13,-40
O1,-30,-0.000562818,-13,-40
O1,-10,0.062268182,-13,-40
O1,10,0.132215682,-13,-40
O1,30,-0.186238818,-13,-40
O1,50,-0.213998818,-13,-40
O1,70,-0.134943818,-13,-40
O1,90,-0.117938818,-13,-40
O1,110,-0.055767818,-13,-40
O1,130,-0.100068818,-13,-40
O1,150,-0.103053818,-13,-40
O1,170,-0.146908818,-13,-40
O1,190,0.177701182,-13,-40
O1,210,0.305091182,-13,-40
O1,230,0.103103682,-13,-40
O1,250,0.025927682,-13,-40
O1,270,0.257911182,-13,-40
O1,290,0.347851182,-13,-40
O1,310,0.375461182,-13,-40
O1,330,0.352121182,-13,-40
O1,350,0.311776182,-13,-40
O1,370,0.122956682,-13,-40
O1,390,0.091662182,-13,-40
O1,410,-0.105013818,-13,-40
O1,430,0.107575182,-13,-40
O1,450,0.143553682,-13,-40
O1,470,0.123219682,-13,-40
O1,490,0.181661182,-13,-40
O1,510,0.222591182,-13,-40
O1,530,0.182786182,-13,-40
O1,550,-5.03E-05,-13,-40
O1,570,0.032103402,-13,-40
O1,590,0.117454682,-13,-40
O1,610,0.264291182,-13,-40
O1,630,0.316456182,-13,-40
O1,650,0.331941182,-13,-40
O1,670,0.262726182,-13,-40
O1,690,0.406176182,-13,-40
O1,710,0.216586182,-13,-40
O1,730,0.265731182,-13,-40
O2,-190,-0.059698706,13,-40
O2,-170,-0.091798706,13,-40
O2,-150,-0.295078706,13,-40
O2,-130,-0.075103706,13,-40
O2,-110,0.085955294,13,-40
O2,-90,0.192398294,13,-40
O2,-70,0.013841794,13,-40
O2,-50,0.073770794,13,-40
O2,-30,0.107200944,13,-40
O2,-10,0.020711794,13,-40
O2,10,0.087676494,13,-40
O2,30,-0.184808706,13,-40
O2,50,-0.194238706,13,-40
O2,70,-0.028458706,13,-40
O2,90,-0.005709706,13,-40
O2,110,-0.159978706,13,-40
O2,130,-0.153003706,13,-40
O2,150,-0.036768706,13,-40
O2,170,-0.029103706,13,-40
O2,190,0.058469294,13,-40
O2,210,-0.004158706,13,-40
O2,230,-0.041548706,13,-40
O2,250,0.034776794,13,-40
O2,270,0.135451294,13,-40
O2,290,0.316606294,13,-40
O2,310,0.427631294,13,-40
O2,330,0.526301294,13,-40
O2,350,0.484576294,13,-40
O2,370,0.157799794,13,-40
O2,390,0.068709294,13,-40
O2,410,-0.095628706,13,-40
O2,430,0.008230294,13,-40
O2,450,-0.028508706,13,-40
O2,470,0.009323794,13,-40
O2,490,0.119587944,13,-40
O2,510,0.223881294,13,-40
O2,530,0.043913794,13,-40
O2,550,0.021246794,13,-40
O2,570,0.155823294,13,-40
O2,590,0.336581294,13,-40
O2,610,0.326066294,13,-40
O2,630,0.325151294,13,-40
O2,650,-5.82E-05,13,-40
O2,670,0.045557294,13,-40
O2,690,0.232216294,13,-40
O2,710,0.018857294,13,-40
O2,730,0.148681794,13,-40
Oz,-190,-0.04676594,0,-43
Oz,-170,-0.18158094,0,-43
Oz,-150,-0.23334594,0,-43
Oz,-130,-0.05225594,0,-43
Oz,-110,0.11605406,0,-43
Oz,-90,0.15883506,0,-43
Oz,-70,0.06861906,0,-43
Oz,-50,0.05946906,0,-43
Oz,-30,0.04668906,0,-43
Oz,-10,0.04098906,0,-43
Oz,10,0.11180906,0,-43
Oz,30,-0.16386094,0,-43
Oz,50,-0.19966594,0,-43
Oz,70,-0.04389094,0,-43
Oz,90,0.00158906,0,-43
Oz,110,-0.05923094,0,-43
Oz,130,-0.11502594,0,-43
Oz,150,-0.04927594,0,-43
Oz,170,-0.04982594,0,-43
Oz,190,0.19910606,0,-43
Oz,210,0.24637988,0,-43
Oz,230,0.15269606,0,-43
Oz,250,0.11041906,0,-43
Oz,270,0.21669456,0,-43
Oz,290,0.42184406,0,-43
Oz,310,0.50028906,0,-43
Oz,330,0.52873906,0,-43
Oz,350,0.46267906,0,-43
Oz,370,0.19716156,0,-43
Oz,390,0.16600906,0,-43
Oz,410,-0.01897594,0,-43
Oz,430,0.11327906,0,-43
Oz,450,0.08472406,0,-43
Oz,470,0.06850406,0,-43
Oz,490,0.13972906,0,-43
Oz,510,0.21837851,0,-43
Oz,530,0.13767906,0,-43
Oz,550,0.03031906,0,-43
Oz,570,0.14468256,0,-43
Oz,590,0.31537756,0,-43
Oz,610,0.35452406,0,-43
Oz,630,0.34295706,0,-43
Oz,650,0.14652406,0,-43
Oz,670,0.16686706,0,-43
Oz,690,0.37934406,0,-43
Oz,710,0.17519856,0,-43
Oz,730,0.24484206,0,-43
P3,-190,-0.11962376,-19,-22
P3,-170,-0.20722376,-19,-22
P3,-150,-0.22751376,-19,-22
P3,-130,-0.06784876,-19,-22
P3,-110,0.11130624,-19,-22
P3,-90,0.14325124,-19,-22
P3,-70,0.10152624,-19,-22
P3,-50,0.10344624,-19,-22
P3,-30,0.02821124,-19,-22
P3,-10,0.11244624,-19,-22
P3,10,0.11025124,-19,-22
P3,30,0.01317624,-19,-22
P3,50,-0.00028876,-19,-22
P3,70,-0.09534376,-19,-22
P3,90,-0.01700376,-19,-22
P3,110,0.14303624,-19,-22
P3,130,0.02794624,-19,-22
P3,150,0.08579624,-19,-22
P3,170,0.09600124,-19,-22
P3,190,0.36837524,-19,-22
P3,210,0.34296924,-19,-22
P3,230,0.15493624,-19,-22
P3,250,0.25419124,-19,-22
P3,270,0.41848524,-19,-22
P3,290,0.44129074,-19,-22
P3,310,0.49455124,-19,-22
P3,330,0.50116624,-19,-22
P3,350,0.53954624,-19,-22
P3,370,0.39737224,-19,-22
P3,390,0.28024624,-19,-22
P3,410,0.07374124,-19,-22
P3,430,0.19509624,-19,-22
P3,450,0.30119324,-19,-22
P3,470,0.20760624,-19,-22
P3,490,0.22493124,-19,-22
P3,510,0.39517674,-19,-22
P3,530,0.53258624,-19,-22
P3,550,0.40995279,-19,-22
P3,570,0.30710874,-19,-22
P3,590,0.37744024,-19,-22
P3,610,0.53312124,-19,-22
P3,630,0.57255624,-19,-22
P3,650,0.55159624,-19,-22
P3,670,0.56133124,-19,-22
P3,690,0.72841624,-19,-22
P3,710,0.60390124,-19,-22
P3,730,0.55569624,-19,-22
P4,-190,-0.03733628,19,-22
P4,-170,-0.10622628,19,-22
P4,-150,-0.31081128,19,-22
P4,-130,-0.09427128,19,-22
P4,-110,0.14246372,19,-22
P4,-90,0.21124372,19,-22
P4,-70,0.02861872,19,-22
P4,-50,-0.00151628,19,-22
P4,-30,0.06921372,19,-22
P4,-10,0.03335872,19,-22
P4,10,0.16043372,19,-22
P4,30,-0.23818628,19,-22
P4,50,-0.17185628,19,-22
P4,70,-0.01452128,19,-22
P4,90,0.04617872,19,-22
P4,110,-0.13169628,19,-22
P4,130,-0.24020628,19,-22
P4,150,-0.12121628,19,-22
P4,170,0.13424872,19,-22
P4,190,0.06977872,19,-22
P4,210,-0.17604628,19,-22
P4,230,-0.16969128,19,-22
P4,250,0.28777872,19,-22
P4,270,0.30730372,19,-22
P4,290,0.40432372,19,-22
P4,310,0.56714522,19,-22
P4,330,0.67507372,19,-22
P4,350,0.73229872,19,-22
P4,370,0.44620222,19,-22
P4,390,0.28350872,19,-22
P4,410,0.11073872,19,-22
P4,430,0.00234872,19,-22
P4,450,0.03777872,19,-22
P4,470,0.13346872,19,-22
P4,490,0.12596372,19,-22
P4,510,0.26385872,19,-22
P4,530,0.30312372,19,-22
P4,550,0.31851372,19,-22
P4,570,0.29695372,19,-22
P4,590,0.30914872,19,-22
P4,610,0.31685372,19,-22
P4,630,0.44177787,19,-22
P4,650,0.30736872,19,-22
P4,670,0.35580372,19,-22
P4,690,0.54169522,19,-22
P4,710,0.34073522,19,-22
P4,730,0.36605522,19,-22
P7,-190,-0.110397616,-34,-25
P7,-170,-0.255395616,-34,-25
P7,-150,-0.072296936,-34,-25
P7,-130,0.025319384,-34,-25
P7,-110,0.083339384,-34,-25
P7,-90,0.090109384,-34,-25
P7,-70,0.165494384,-34,-25
P7,-50,0.049781884,-34,-25
P7,-30,0.008508884,-34,-25
P7,-10,-0.002826616,-34,-25
P7,10,0.069539384,-34,-25
P7,30,0.015654884,-34,-25
P7,50,0.066309384,-34,-25
P7,70,-0.158321616,-34,-25
P7,90,-0.138715616,-34,-25
P7,110,-0.009590616,-34,-25
P7,130,0.007458384,-34,-25
P7,150,0.048600884,-34,-25
P7,170,-0.039405116,-34,-25
P7,190,0.266794384,-34,-25
P7,210,0.369249384,-34,-25
P7,230,0.093049384,-34,-25
P7,250,-0.013266616,-34,-25
P7,270,0.375404384,-34,-25
P7,290,0.220694384,-34,-25
P7,310,0.240504384,-34,-25
P7,330,0.230629384,-34,-25
P7,350,0.284219384,-34,-25
P7,370,0.270874384,-34,-25
P7,390,0.305284384,-34,-25
P7,410,0.071729384,-34,-25
P7,430,0.347564384,-34,-25
P7,450,0.399999384,-34,-25
P7,470,0.335269384,-34,-25
P7,490,0.326539384,-34,-25
P7,510,0.367174384,-34,-25
P7,530,0.367479384,-34,-25
P7,550,0.168289384,-34,-25
P7,570,0.109494384,-34,-25
P7,590,0.158249384,-34,-25
P7,610,0.268554384,-34,-25
P7,630,0.412199384,-34,-25
P7,650,0.454569384,-34,-25
P7,670,0.458429384,-34,-25
P7,690,0.673379384,-34,-25
P7,710,0.487154384,-34,-25
P7,730,0.469309384,-34,-25
P8,-190,-0.02340805,34,-25
P8,-170,-0.00731905,34,-25
P8,-150,-0.19968005,34,-25
P8,-130,-0.16774005,34,-25
P8,-110,0.01130295,34,-25
P8,-90,0.18096495,34,-25
P8,-70,-0.01360005,34,-25
P8,-50,0.08163995,34,-25
P8,-30,0.16867495,34,-25
P8,-10,-0.09380905,34,-25
P8,10,-0.056540479,34,-25
P8,30,-0.25682505,34,-25
P8,50,-0.17401005,34,-25
P8,70,-0.04373435,34,-25
P8,90,-0.0624698,34,-25
P8,110,-0.22053505,34,-25
P8,130,-0.23027005,34,-25
P8,150,-0.09795515,34,-25
P8,170,0.08114495,34,-25
P8,190,-0.02856705,34,-25
P8,210,-0.24397505,34,-25
P8,230,-0.27619005,34,-25
P8,250,0.01651045,34,-25
P8,270,0.06630495,34,-25
P8,290,0.30572495,34,-25
P8,310,0.44143995,34,-25
P8,330,0.50983495,34,-25
P8,350,0.57977995,34,-25
P8,370,0.30157995,34,-25
P8,390,0.20399495,34,-25
P8,410,0.04605845,34,-25
P8,430,-0.07558905,34,-25
P8,450,-0.08202525,34,-25
P8,470,0.04454795,34,-25
P8,490,0.02397595,34,-25
P8,510,0.11196495,34,-25
P8,530,0.09956995,34,-25
P8,550,0.15390495,34,-25
P8,570,0.19372495,34,-25
P8,590,0.33019495,34,-25
P8,610,0.34385995,34,-25
P8,630,0.33966495,34,-25
P8,650,0.10531495,34,-25
P8,670,0.08590995,34,-25
P8,690,0.17802995,34,-25
P8,710,0.02488945,34,-25
P8,730,0.00929045,34,-25
PO3,-190,-0.138242293,-16,-31
PO3,-170,-0.209757293,-16,-31
PO3,-150,-0.261477293,-16,-31
PO3,-130,-0.032182293,-16,-31
PO3,-110,0.128116207,-16,-31
PO3,-90,0.215127707,-16,-31
PO3,-70,0.123496207,-16,-31
PO3,-50,0.071425207,-16,-31
PO3,-30,-0.027672293,-16,-31
PO3,-10,0.080354357,-16,-31
PO3,10,0.173457707,-16,-31
PO3,30,-0.163382293,-16,-31
PO3,50,-0.170092293,-16,-31
PO3,70,-0.122757293,-16,-31
PO3,90,-0.025302793,-16,-31
PO3,110,0.032702707,-16,-31
PO3,130,-0.144857293,-16,-31
PO3,150,-0.097242293,-16,-31
PO3,170,-0.029400293,-16,-31
PO3,190,0.233227707,-16,-31
PO3,210,0.228262707,-16,-31
PO3,230,0.042496207,-16,-31
PO3,250,0.177182707,-16,-31
PO3,270,0.349407707,-16,-31
PO3,290,0.420807707,-16,-31
PO3,310,0.473012707,-16,-31
PO3,330,0.498427707,-16,-31
PO3,350,0.491302707,-16,-31
PO3,370,0.236017707,-16,-31
PO3,390,0.087916207,-16,-31
PO3,410,-0.097452293,-16,-31
PO3,430,0.053938307,-16,-31
PO3,450,0.111830707,-16,-31
PO3,470,0.031489707,-16,-31
PO3,490,0.033961207,-16,-31
PO3,510,0.167704707,-16,-31
PO3,530,0.250912707,-16,-31
PO3,550,0.093743707,-16,-31
PO3,570,0.047701357,-16,-31
PO3,590,0.138292707,-16,-31
PO3,610,0.278927707,-16,-31
PO3,630,0.320257707,-16,-31
PO3,650,0.191937707,-16,-31
PO3,670,0.190832707,-16,-31
PO3,690,0.387832707,-16,-31
PO3,710,0.225682707,-16,-31
PO3,730,0.221157707,-16,-31
PO4,-190,-0.09499207,16,-31
PO4,-170,-0.14271207,16,-31
PO4,-150,-0.30983207,16,-31
PO4,-130,-0.08247707,16,-31
PO4,-110,0.07498793,16,-31
PO4,-90,0.28034743,16,-31
PO4,-70,0.03493293,16,-31
PO4,-50,0.00756293,16,-31
PO4,-30,0.09650293,16,-31
PO4,-10,0.09520793,16,-31
PO4,10,0.08781793,16,-31
PO4,30,-0.27408207,16,-31
PO4,50,-0.20677207,16,-31
PO4,70,-0.03235207,16,-31
PO4,90,0.02752293,16,-31
PO4,110,-0.14395207,16,-31
PO4,130,-0.24104207,16,-31
PO4,150,-0.10082707,16,-31
PO4,170,0.03807793,16,-31
PO4,190,0.14900793,16,-31
PO4,210,-0.01061207,16,-31
PO4,230,-0.07946207,16,-31
PO4,250,0.17708843,16,-31
PO4,270,0.20593593,16,-31
PO4,290,0.40639793,16,-31
PO4,310,0.49293293,16,-31
PO4,330,0.55739293,16,-31
PO4,350,0.52948293,16,-31
PO4,370,0.16387743,16,-31
PO4,390,0.02266793,16,-31
PO4,410,-0.13330207,16,-31
PO4,430,-0.09680707,16,-31
PO4,450,-0.06084207,16,-31
PO4,470,-0.05370707,16,-31
PO4,490,0.08858793,16,-31
PO4,510,0.20626293,16,-31
PO4,530,0.12815793,16,-31
PO4,550,0.05706293,16,-31
PO4,570,0.15354293,16,-31
PO4,590,0.26206243,16,-31
PO4,610,0.28312631,16,-31
PO4,630,0.33434893,16,-31
PO4,650,0.17827493,16,-31
PO4,670,0.19409793,16,-31
PO4,690,0.37225893,16,-31
PO4,710,0.20611443,16,-31
PO4,730,0.22423243,16,-31
Pz,-190,-0.1663256,0,-21
Pz,-170,-0.1928356,0,-21
Pz,-150,-0.3160256,0,-21
Pz,-130,-0.1084356,0,-21
Pz,-110,0.0919594,0,-21
Pz,-90,0.2125424,0,-21
Pz,-70,0.1377144,0,-21
Pz,-50,0.0299394,0,-21
Pz,-30,0.0420194,0,-21
Pz,-10,0.2092034,0,-21
Pz,10,0.2847299,0,-21
Pz,30,-0.0715856,0,-21
Pz,50,-0.0744056,0,-21
Pz,70,0.0348094,0,-21
Pz,90,0.1489294,0,-21
Pz,110,0.1135044,0,-21
Pz,130,-0.0797606,0,-21
Pz,150,-0.0311206,0,-21
Pz,170,0.1409794,0,-21
Pz,190,0.30783395,0,-21
Pz,210,0.1587894,0,-21
Pz,230,0.0959594,0,-21
Pz,250,0.4238559,0,-21
Pz,270,0.4818294,0,-21
Pz,290,0.5010744,0,-21
Pz,310,0.5861994,0,-21
Pz,330,0.6435544,0,-21
Pz,350,0.6129744,0,-21
Pz,370,0.3072079,0,-21
Pz,390,0.1499844,0,-21
Pz,410,-0.0281856,0,-21
Pz,430,-0.0582856,0,-21
Pz,450,-0.0215856,0,-21
Pz,470,-0.0337606,0,-21
Pz,490,-0.0188656,0,-21
Pz,510,0.1212194,0,-21
Pz,530,0.29486265,0,-21
Pz,550,0.2419624,0,-21
Pz,570,0.1972944,0,-21
Pz,590,0.2301739,0,-21
Pz,610,0.3554799,0,-21
Pz,630,0.4510044,0,-21
Pz,650,0.3300672,0,-21
Pz,670,0.3569709,0,-21
Pz,690,0.5868444,0,-21
Pz,710,0.4116969,0,-21
Pz,730,0.3769844,0,-21
T7,-190,-0.113167941,-42,0
T7,-170,-0.086813941,-42,0
T7,-150,-0.172647941,-42,0
T7,-130,-0.017178126,-42,0
T7,-110,0.052727059,-42,0
T7,-90,0.281882059,-42,0
T7,-70,0.205672059,-42,0
T7,-50,0.121587059,-42,0
T7,-30,-0.036454341,-42,0
T7,-10,-0.126389941,-42,0
T7,10,0.050736059,-42,0
T7,30,-0.306632941,-42,0
T7,50,0.234177059,-42,0
T7,70,-0.135725941,-42,0
T7,90,0.075882059,-42,0
T7,110,0.126287059,-42,0
T7,130,-0.004476691,-42,0
T7,150,0.269732059,-42,0
T7,170,0.246977059,-42,0
T7,190,-0.022065941,-42,0
T7,210,0.313757059,-42,0
T7,230,0.211942059,-42,0
T7,250,0.286817059,-42,0
T7,270,0.045637059,-42,0
T7,290,0.045872059,-42,0
T7,310,0.062255059,-42,0
T7,330,0.030109559,-42,0
T7,350,0.175377059,-42,0
T7,370,0.063714059,-42,0
T7,390,0.205967059,-42,0
T7,410,-0.077649441,-42,0
T7,430,0.062533559,-42,0
T7,450,0.257902059,-42,0
T7,470,-0.032659941,-42,0
T7,490,0.383522059,-42,0
T7,510,0.279752059,-42,0
T7,530,0.308232059,-42,0
T7,550,0.281927059,-42,0
T7,570,0.206562059,-42,0
T7,590,-0.023888941,-42,0
T7,610,0.149877059,-42,0
T7,630,0.097717059,-42,0
T7,650,0.233177059,-42,0
T7,670,0.337527059,-42,0
T7,690,0.527002059,-42,0
T7,710,0.442182059,-42,0
T7,730,0.657512059,-42,0
T8,-190,-0.205966,42,0
T8,-170,0.080364,42,0
T8,-150,-0.205531,42,0
T8,-130,-0.053151,42,0
T8,-110,-0.005711,42,0
T8,-90,0.091724,42,0
T8,-70,0.046354,42,0
T8,-50,0.142659,42,0
T8,-30,0.062884,42,0
T8,-10,-0.002661,42,0
T8,10,0.093039,42,0
T8,30,0.003099,42,0
T8,50,0.108639,42,0
T8,70,0.158374,42,0
T8,90,-0.032856,42,0
T8,110,-0.047316,42,0
T8,130,-0.141681,42,0
T8,150,-0.021881,42,0
T8,170,0.153519,42,0
T8,190,-0.003771,42,0
T8,210,0.029709,42,0
T8,230,-0.136876,42,0
T8,250,0.369089,42,0
T8,270,0.138934,42,0
T8,290,0.179104,42,0
T8,310,0.368179,42,0
T8,330,0.605861,42,0
T8,350,0.395034,42,0
T8,370,0.477444,42,0
T8,390,0.298434,42,0
T8,410,0.231574,42,0
T8,430,-0.110336,42,0
T8,450,-0.023996,42,0
T8,470,0.012134,42,0
T8,490,0.083029,42,0
T8,510,0.092429,42,0
T8,530,0.5813185,42,0
T8,550,0.459644,42,0
T8,570,0.465834,42,0
T8,590,0.498949,42,0
T8,610,0.434389,42,0
T8,630,0.527914,42,0
T8,650,0.404639,42,0
T8,670,0.386054,42,0
T8,690,0.468349,42,0
T8,710,0.347659,42,0
T8,730,0.490729,42,0